name,price,stock
2020 Toyota Camry SE Nightshade," $26,345",LU387084
2020 Toyota Camry LE," $25,914",LU004253
2020 Toyota Yaris Hatchback LE," $18,409",LY709309
2020 Toyota Camry SE," $25,865",LU995755
2020 Toyota Camry SE," $26,243",LU390344
2020 Toyota Camry SE," $25,803",LU393644
2020 Toyota Camry SE Nightshade," $26,345",LU386457
2020 Toyota Camry SE," $25,803",LU994379
2020 Toyota Camry LE," $25,085",LU500173
2020 Toyota Prius LE," $25,728",L3105989
2020 Toyota Camry LE," $24,707",LU997497
2020 Toyota Camry LE," $24,707",LU391263
2020 Toyota Camry LE," $24,707",LU999534
2020 Toyota Prius LE," $25,790",L112GK89
2020 Toyota Corolla Hatchback SE," $23,211",L3085488
2020 Toyota Camry SE," $27,553",LU010249
2020 Toyota Camry SE Nightshade," $26,345",LU34H323
2020 Toyota RAV4 LE," $28,397",LW43F622
2020 Toyota RAV4 LE," $28,738",LW138162
2020 Toyota Camry SE," $27,838",LU995544
2020 Toyota RAV4 LE," $28,738",LW138203
2020 Toyota Camry SE," $27,776",LU996116
2020 Toyota RAV4 LE," $26,794",LW101864
2020 Toyota RAV4 LE," $26,893",LW102230
2020 Toyota Camry LE," $26,479",LU015839
2020 Toyota Camry LE," $26,479",LU015277
2020 Toyota RAV4 LE," $26,794",LW102715
2020 Toyota Camry LE," $26,441",LU004259
2020 Toyota Camry LE," $26,439",LU011933
2020 Toyota Camry LE," $26,406",LU003368
2020 Toyota RAV4 LE," $28,738",LW136866
2020 Toyota RAV4 XLE," $29,403",LC110756
2020 Toyota RAV4 XLE," $29,428",LW132949
2020 Toyota RAV4 XLE," $29,607",LW136392
2020 Toyota Camry XSE," $29,486",LU936448
2020 Toyota RAV4 XLE," $29,592",LC20H441
2020 Toyota RAV4 XLE," $29,467",LW132505
2020 Toyota RAV4 LE," $29,215",LW134924
2020 Toyota Camry SE," $29,110",LU015694
2020 Toyota RAV4 LE," $28,738",LW139535
2020 Toyota RAV4 LE," $28,837",LW134862
2020 Toyota RAV4 LE," $28,837",LW136194
2020 Toyota RAV4 LE," $28,738",LC135749
2020 Toyota RAV4 LE," $28,738",LW138854
2020 Toyota RAV4 LE," $28,738",LW134228
2020 Toyota RAV4 XLE," $30,552",LC124268
2020 Toyota RAV4 XLE," $31,417",LW137604
2020 Toyota Camry XLE," $31,681",LU391310
2020 Toyota RAV4 XLE," $31,557",LW138308
2020 Toyota RAV4 XLE," $31,557",LW132395
2020 Toyota RAV4 XLE," $31,417",LW135158
2020 Toyota RAV4 XLE," $31,417",LW132607
2020 Toyota RAV4 XLE," $31,417",LW137133
2020 Toyota RAV4 XLE," $31,417",LW135036
2020 Toyota RAV4 XLE," $31,362",LW129939
2020 Toyota RAV4 XLE," $31,205",LW139213
2020 Toyota RAV4 XLE," $30,593",LW137613
2020 Toyota RAV4 XLE," $30,593",LW138893
2020 Toyota Camry XSE," $30,656",LU013692
2020 Toyota Camry XSE," $30,689",LU394133
2020 Toyota Camry XSE," $31,731",LU34A633
2020 Toyota Camry Hybrid XLE," $34,965",LU017080
2020 Toyota RAV4 XLE Premium," $34,407",LW132429
2020 Toyota Sienna LE," $34,736",LS084472
2020 Toyota Camry Hybrid XLE," $34,965",LU541332
2020 Toyota RAV4 XLE Premium," $34,547",LW138059
2020 Toyota Tacoma SR Access Cab 6' Bed V6 AT," $34,742",LT005939
2020 Toyota RAV4 XLE Premium," $34,407",LD067651
2020 Toyota Camry XSE," $34,030",LU015760
2020 Toyota RAV4 XLE Premium," $34,407",LD066774
2020 Toyota Tacoma SR Access Cab 6' Bed V6 AT," $34,166",LT005854
2020 Toyota Rav4 Hybrid xle," $33,906",LU004643
2020 Toyota Camry XSE," $33,652",LU013939
2020 Toyota Rav4 Hybrid xle," $33,024",LU004547
2020 Toyota RAV4 XLE Premium," $32,719",L141EQ17
2020 Toyota Tacoma TRD Off Road Double Cab 5' Bed V6 MT," $37,704",LT004765
2020 Toyota Rav4 Hybrid xse," $37,586",LW002078
2020 Toyota Camry Hybrid XLE," $35,343",LU20D251
2020 Toyota Tacoma TRD Sport Double Cab 5' Bed V6 AT," $38,682",LM362218
2020 Toyota Tacoma TRD Sport Access Cab 6' Bed V6 AT," $37,954",LT18A618
2020 Toyota RAV4 Limited," $38,542",LJ039064
2020 Toyota RAV4 Limited," $38,335",LW138653
2020 Toyota Highlander LE," $37,388",LS050958
2020 Toyota Highlander LE," $37,384",LS012411
2020 Toyota Sienna LE," $37,178",LS249940
2020 Toyota Sienna LE," $37,077",LS251003
2020 Toyota Tacoma TRD Off Road Double Cab 5' Bed V6 MT," $36,918",LT006019
2020 Toyota Camry XSE," $35,767",LU015815
2020 Toyota RAV4 XLE Premium," $35,532",LJ039141
2020 Toyota RAV4 XLE Premium," $35,532",LJ039212
2020 Toyota Rav4 Hybrid limited," $38,762",LW12C880
2020 Toyota Highlander XLE," $40,489",LS027393A
2020 Toyota Highlander XLE," $41,128",LS023438
2020 Toyota Highlander XLE," $40,428",LS051162
2020 Toyota Highlander XLE," $40,824",LS516605
2020 Toyota Highlander XLE," $40,976",LS522893
2020 Toyota Highlander XLE," $40,921",LS519560
2020 Toyota Rav4 Hybrid limited," $40,311",LU010552
2020 Toyota Highlander XLE," $40,151",LS519784
2020 Toyota Highlander XLE," $40,050",LS054021
2020 Toyota Rav4 Hybrid limited," $40,063",LD548796
2020 Toyota Highlander XLE," $40,048",LS018845
2020 Toyota Highlander XLE," $40,048",LS017534
2020 Toyota Tacoma TRD Sport Double Cab 5' Bed V6 AT," $39,394",LM361869
2020 Toyota RAV4 Limited," $39,159",LJ039116
2020 Toyota Highlander XLE," $41,131",LS500467
2020 Toyota Highlander Limited," $44,601",LS054252
2020 Toyota Highlander Hybrid XLE," $45,393",LS513875
2020 Toyota 4Runner TRD Off Road Premium," $44,768",L5827355
2020 Toyota Highlander Limited," $45,104",LS041401
2020 Toyota 4Runner TRD Off Road Premium," $44,768",L5825132
2020 Toyota 4Runner TRD Off Road Premium," $44,628",L5830271
2020 Toyota Highlander Hybrid XLE," $44,353",LS513995
2020 Toyota Highlander Hybrid XLE," $44,402",LS34D132
2020 Toyota Highlander Hybrid XLE," $44,353",LS512824
2020 Toyota 4Runner TRD Off Road Premium," $43,070",L5828154
2020 Toyota Tacoma TRD Sport Double Cab 6' Bed V6 AT," $43,828",LM092674
2020 Toyota 4Runner SR5 Premium," $41,520",L5757534
2020 Toyota 4Runner SR5," $41,255",L5831204
2020 Toyota Highlander XLE," $41,244",LS037581
2020 Toyota Highlander Platinum," $47,529",LS050357
2020 Toyota Highlander Hybrid XLE," $45,812",LS506934
2020 Toyota Highlander Platinum," $47,617",LS049842
2020 Toyota Sequoia SR5," $56,869",LS179930
2020 Toyota Sequoia Limited," $63,832",LS179958
2020 Toyota Tundra Limited CrewMax 5.5' Bed 5.7L," $50,856",LX951653
2020 Toyota Highlander Platinum," $47,040",LS054151
2020 Toyota 4Runner Limited," $47,006",L5823902
2020 Toyota Highlander Platinum," $47,418",LS050040
2020 Toyota Highlander Platinum," $46,986",LS040268
2020 Toyota 4Runner Limited," $45,949",L5828430
2020 Toyota Tacoma TRD Pro Double Cab 5' Bed V6 AT," $46,665",LX235255A
2020 Toyota Tundra SR5 CrewMax 5.5' Bed 5.7L," $50,211",LX952125
2020 Toyota Highlander Hybrid XLE," $45,818",LS510606
